Time,frame_num
1733191602.7631023,frame1.png
1733191635.0088503,frame2.png
1733191635.1997905,frame3.png
1733191635.4791589,frame4.png
1733191635.6805098,frame5.png
1733191635.880814,frame6.png
1733191636.0406125,frame7.png
1733191649.9487338,frame8.png
1733191662.5063674,frame9.png
1733191677.9916546,frame10.png
1733191687.8219955,frame11.png
1733191697.6504655,frame12.png
1733191708.060718,frame13.png
1733191716.7671404,frame14.png
1733191724.8931751,frame15.png
1733191737.0273986,frame16.png
1733191760.035315,frame17.png
1733191760.2290826,frame18.png
1733191782.0407937,frame19.png
1733191782.1937366,frame20.png
1733191809.4006388,frame21.png
1733191821.236979,frame22.png
1733191821.410201,frame23.png
1733191847.7351363,frame24.png
1733191847.9286199,frame25.png
1733191868.0556026,frame26.png
1733191868.2287316,frame27.png
1733191877.4236104,frame28.png
1733191889.171042,frame29.png
1733191889.2912455,frame30.png
1733191910.5003545,frame31.png
1733191910.6945608,frame32.png
1733191931.5028753,frame33.png
1733191931.6789532,frame34.png
1733191941.773796,frame35.png
1733191949.8981533,frame36.png
1733191960.3893156,frame37.png
1733191971.382676,frame38.png
1733191995.5544486,frame39.png
1733192014.9508047,frame40.png
1733192031.8209052,frame41.png
1733192041.5489209,frame42.png
1733192051.0182579,frame43.png
1733192070.7360396,frame44.png
1733192081.186847,frame45.png
1733192098.7787914,frame46.png
1733192112.6588128,frame47.png
1733192124.4320707,frame48.png
1733192134.3825872,frame49.png
1733192145.073521,frame50.png
1733192156.3871863,frame51.png
1733192165.0325084,frame52.png
1733192177.0272343,frame53.png
1733192177.2010055,frame54.png
1733192204.067057,frame55.png
1733192204.2001364,frame56.png
1733192225.7105494,frame57.png
1733192234.9373977,frame58.png
1733192235.13158,frame59.png
1733192257.945171,frame60.png
1733192258.118593,frame61.png
1733192276.6601355,frame62.png
1733192292.4865868,frame63.png
1733192301.8539634,frame64.png
1733192311.1421895,frame65.png
1733192322.7375147,frame66.png
1733192335.814315,frame67.png
1733192359.8862486,frame68.png
1733192384.0764396,frame69.png
1733192406.3818107,frame70.png
1733192415.3884583,frame71.png
1733192426.0399745,frame72.png
1733192442.3680549,frame73.png
1733192452.7979023,frame74.png
1733192469.3721182,frame75.png
1733192483.7899709,frame76.png
1733192492.2482324,frame77.png
1733192504.5110297,frame78.png
1733192515.1847603,frame79.png
1733192525.5927966,frame80.png
1733192538.7723868,frame81.png
1733192552.5325775,frame82.png
1733192587.898401,frame83.png
1733192597.5251894,frame84.png
1733192607.8156748,frame85.png
1733192627.3135195,frame86.png
1733192636.520378,frame87.png
1733192647.1119764,frame88.png
1733192658.264675,frame89.png
1733192686.1869478,frame90.png
1733192698.2626667,frame91.png
1733192708.172283,frame92.png
1733192721.1507418,frame93.png
1733192734.384078,frame94.png
1733192744.6234035,frame95.png
1733192780.285118,frame96.png
1733192796.3927763,frame97.png
1733192796.546613,frame98.png
1733192818.818425,frame99.png
1733192819.0132751,frame100.png
1733192852.6389995,frame101.png
1733192852.8130834,frame102.png
1733192863.9539466,frame103.png
1733192885.0350301,frame104.png
1733192897.2105613,frame105.png
1733192908.74431,frame106.png
1733192919.3361595,frame107.png
1733192953.9583106,frame108.png
1733192966.2747555,frame109.png
1733192976.1771922,frame110.png
1733192988.24143,frame111.png
1733193000.8159697,frame112.png
1733193012.97335,frame113.png
1733193026.5538523,frame114.png
1733193026.7474859,frame115.png
1733193037.8270166,frame116.png
1733193048.0006173,frame117.png
1733193057.4649687,frame118.png
1733193069.6998868,frame119.png
1733193081.2954946,frame120.png
1733193094.1525834,frame121.png
1733193108.2549856,frame122.png
1733193122.1578867,frame123.png
1733193134.772176,frame124.png
1733193148.65408,frame125.png
1733193161.3909976,frame126.png
1733193171.5220733,frame127.png
1733193182.032346,frame128.png
1733193203.7165673,frame129.png
1733193212.1411293,frame130.png
1733193221.5291715,frame131.png
1733193234.6485844,frame132.png
1733193258.6398125,frame133.png
1733193271.8989532,frame134.png
1733193280.6843073,frame135.png
1733193292.3994086,frame136.png
1733193303.412538,frame137.png
1733193334.5244086,frame138.png
1733193343.4904144,frame139.png
1733193363.0890791,frame140.png
1733193378.6953416,frame141.png
1733193389.7679014,frame142.png
1733193402.285046,frame143.png
1733193402.4989307,frame144.png
1733193418.0115108,frame145.png
1733193427.7803328,frame146.png
1733193436.6862292,frame147.png
1733193449.2455416,frame148.png
1733193461.1324203,frame149.png
1733193471.9312341,frame150.png
1733193482.5428815,frame151.png
1733193495.36238,frame152.png
1733193506.273326,frame153.png
1733193516.4028785,frame154.png
1733193538.6479604,frame155.png
1733193559.4307003,frame156.png
1733193568.6976845,frame157.png
1733193577.907906,frame158.png
1733193588.2561543,frame159.png
1733193599.408608,frame160.png
1733193611.002394,frame161.png
1733193611.1367035,frame162.png
1733193620.3507528,frame163.png
1733193631.7643447,frame164.png
1733193642.7567441,frame165.png
1733193656.7183247,frame166.png
1733193667.0862725,frame167.png
1733193691.1606252,frame168.png
1733193691.3340576,frame169.png
1733193720.7478526,frame170.png
1733193720.9015734,frame171.png
1733193734.0098336,frame172.png
1733193756.0522692,frame173.png
1733193766.7245097,frame174.png
1733193766.897999,frame175.png
1733193786.4827971,frame176.png
1733193797.9366975,frame177.png
1733193813.8837385,frame178.png
1733193825.6114957,frame179.png
1733193847.0413623,frame180.png
1733193847.2169259,frame181.png
1733193860.7426295,frame182.png
1733193873.8615983,frame183.png
1733193884.27238,frame184.png
1733193884.4460294,frame185.png
1733193912.4759254,frame186.png
1733193912.6494238,frame187.png
1733193923.6089704,frame188.png
1733193947.7799947,frame189.png
1733193958.6926935,frame190.png
1733193958.8262432,frame191.png
